Complex,Technique,LLM,Complex Function,Organism,Proteins
ATG1 protein kinase complex,zero-shot,ChatGPT,"The ATG1 protein kinase complex plays a critical role in autophagy, a cellular process responsible for degradation and recycling of cellular components. It initiates the formation of autophagosomes, which are structures enveloping the cellular components to be broken down.",Saccharomyces cerevisiae (baker's yeast),"ATG1, ATG13, ATG17, ATG29, and ATG31

Genes: ATG1, ATG13, ATG17, ATG29, and ATG31"
ATG1 protein kinase complex,few-shot,ChatGPT,"Involved in autophagy, the process which cells recycle their own components to provide the necessary building blocks to maintain cellular functions and adapt to nutrient starvation. It plays a role in the formation of autophagosomes, which are vesicles that engulf cellular components.'",Saccharomyces cerevisiae (Baker's Yeast)',"Protein kinase target of rapamycin complex subunit LST8, Serine/threonine-protein kinase ATG1, Autophagy protein 13, Autophagy-related protein 17, Autophagy-related protein 29, Seh1-associated protein of 241 kDa in TORC2, 17 kDa interacting protein'
Genes: TOR1 (Saccharomyces cerevisiae), ATG1 (Saccharomyces cerevisiae), ATG13 (Saccharomyces cerevisiae), ATG17 (Saccharomyces cerevisiae), ATG29 (Saccharomyces cerevisiae), SEA4 (Saccharomyces cerevisiae), SIP2 (Saccharomyces cerevisiae)'"
ATG1 protein kinase complex,contextual,ChatGPT,"It plays a crucial role in the initiation of autophagy, a cellular degradation process that helps in maintaining cellular health and balance by facilitating the removal of damaged organelles and proteins.'","Saccharomyces cerevisiae (yeast), Drosophila melanogaster (fruit fly), and Caenorhabditis elegans (roundworm), and also found in mammals including Humans and Mouse but with different names.'","ATG1, ATG13, ATG17, ATG29, and ATG31'
Genes: ATG1 (yeast), ATG13 (yeast), ATG17 (yeast); ATG29 (yeast); and ATG31 (yeast); ATG1 in Drosophila, C. elegans, Mouse and Human is ULK1; ATG13 remains ATG13 in all.'"
Augmin complex,zero-shot,ChatGPT,"Augmin complex is a microtubule-binding complex that has the role of nucleating non-centrosomal microtubules (MTs). This process assists in the arrangement of the mitotic spindle, a structure essential for cell division.",Drosophila melanogaster,"The Augmin complex consists of 8 subunits which are Dgt1, Dgt2, Dgt3, Dgt4, Dgt5, Dgt6, Wac, and Flfl.

Genes: The corresponding genes the proteins belong to are Dgt1, Dgt2, Dgt3, Dgt4, Dgt5, Dgt6, Wac, and Flfl."
Augmin complex,few-shot,ChatGPT,The augmin complex is crucial for microtubule nucleation in mitosis and involved in the spindle assembly process in highly-dividing cells.',"There are homologs of the Augmin Complex in Human, Mouse, Drosophila melanogaster, and Caenorhabditis elegans.'","In humans, the Augmin complex consists of eight subunits: HAUS1, HAUS2, HAUS3, HAUS4, HAUS5, HAUS6, HAUS7, and HAUS8.'
Genes: HAUS1 (Human), HAUS2 (Human), HAUS3 (Human), HAUS4 (Human), HAUS5 (Human), HAUS6 (Human), HAUS7 (Human), HAUS8 (Human).'"
Augmin complex,contextual,ChatGPT,"Augmin complex participates in the nucleation of microtubules from the pre-existing microtubules during mitosis, contributing to the formation of a bipolar spindle.'","Human, Mouse, Drosophila melanogaster, Caenorhabditis elegans'","Augmin subunit 1, Augmin subunit 2, Augmin subunit 3, Augmin subunit 4, Augmin subunit 5, Augmin subunit 6, Augmin subunit 7, Augmin subunit 8'
Genes: HAUS1(Human), HAUS2(Human), HAUS3(Human), HAUS4(Human), HAUS5(Human), HAUS6(Human), HAUS7(Human), HAUS8(Human)'"
CORVET tethering complex,zero-shot,ChatGPT,"The CORVET (Class C core vacuole/endosome tethering) complex participates in the early stages of endosomal biogenesis, participating in the tethering and fusion of vesicles.","The CORVET tethering complex is found in Saccharomyces cerevisiae, also known as yeast, but orthologous complexes exists in other species including humans, mice, Drosophila melanogaster, and Caenorhabditis elegans.","The CORVET tethering complex consists of Vps11, Vps16, Vps18, Vps33, Vps8, and Vps3 proteins.

Genes: The corresponding genes to the aforementioned proteins are VPS11, VPS16, VPS18, VPS33, VPS8, and VPS3 respectively."
CORVET tethering complex,few-shot,ChatGPT,"This protein complex helps in the fusion of endosomes during the endocytic pathway by mediating their tethering. It specifically recognizes endosomes marked by Ypt7/Rab7, a small GTPase, which enables the formation of trans-SNARE complex.'",Saccharomyces cerevisiae (Yeast)',"Vps11, Vps16, Vps18, Vps33, Vps8, Vps3.' 
Genes: VPS11 (Saccharomyces cerevisiae), VPS16 (Saccharomyces cerevisiae), VPS18 (Saccharomyces cerevisiae), VPS33 (Saccharomyces cerevisiae), VPS8 (Saccharomyces cerevisiae), VPS3 (Saccharomyces cerevisiae).'"
CORVET tethering complex,contextual,ChatGPT,"CORVET tethering complex is involved in the process of endosome tethering during endocytosis, serving as a landmark for early endosomal identity.'",Saccharomyces cerevisiae',"Vps8p, Vps33a, Vps16, Vps18, Vps11, Vps3, Vps41, Vps39' 
Genes: VPS8, VPS33, VPS16, VPS18, VPS11, VPS3, VPS41, VPS39 (Saccharomyces cerevisiae)'"
